record_id,parent_id,record_type,category,pillar,indicator,indicator_code,indicator_direction,value_numeric,value_text,value_type,unit,observation_date,period_start,period_end,fiscal_year,gender,location,region,source_name,source_type,source_url,confidence,related_indicator,relationship_type,impact_direction,impact_magnitude,impact_estimate,lag_months,evidence_basis,comparable_country,collected_by,collection_date,original_text,notes
REC_0001,,observation,,ACCESS,Account Ownership Rate,ACC_OWNERSHIP,higher_better,22.0,,percentage,%,2014-12-31,,,2014,all,national,,Global Findex 2014,survey,https://www.worldbank.org/en/publication/globalfindex,high,,,,,,,,Example_Trainee,2025-01-20 00:00:00,,Baseline year,
REC_0002,,observation,,ACCESS,Account Ownership Rate,ACC_OWNERSHIP,higher_better,35.0,,percentage,%,2017-12-31,,,2017,all,national,,Global Findex 2017,survey,https://www.worldbank.org/en/publication/globalfindex,high,,,,,,,,Example_Trainee,2025-01-20 00:00:00,,,
REC_0003,,observation,,ACCESS,Account Ownership Rate,ACC_OWNERSHIP,higher_better,46.0,,percentage,%,2021-12-31,,,2021,all,national,,Global Findex 2021,survey,https://www.worldbank.org/en/publication/globalfindex,high,,,,,,,,Example_Trainee,2025-01-20 00:00:00,,,
REC_0004,,observation,,ACCESS,Account Ownership Rate,ACC_OWNERSHIP,higher_better,56.0,,percentage,%,2021-12-31,,,2021,male,national,,Global Findex 2021,survey,https://www.worldbank.org/en/publication/globalfindex,high,,,,,,,,Example_Trainee,2025-01-20 00:00:00,,Gender disaggregated,
REC_0005,,observation,,ACCESS,Account Ownership Rate,ACC_OWNERSHIP,higher_better,36.0,,percentage,%,2021-12-31,,,2021,female,national,,Global Findex 2021,survey,https://www.worldbank.org/en/publication/globalfindex,high,,,,,,,,Example_Trainee,2025-01-20 00:00:00,,Gender disaggregated,
REC_0006,,observation,,ACCESS,Account Ownership Rate,ACC_OWNERSHIP,higher_better,49.0,,percentage,%,2024-11-29,2024-10-15 00:00:00,2024-11-29 00:00:00,2024,all,national,,Global Findex 2024,survey,https://www.worldbank.org/en/publication/globalfindex,high,,,,,,,,Example_Trainee,2025-01-20 00:00:00,Account ownership increased from 46% to 49%,Survey Oct-Nov 2024,
REC_0007,,observation,,ACCESS,Mobile Money Account Rate,ACC_MM_ACCOUNT,higher_better,4.7,,percentage,%,2021-12-31,,,2021,all,national,,Global Findex 2021,survey,https://www.worldbank.org/en/publication/globalfindex,high,,,,,,,,Example_Trainee,2025-01-20 00:00:00,,,
REC_0008,,observation,,ACCESS,Mobile Money Account Rate,ACC_MM_ACCOUNT,higher_better,9.45,,percentage,%,2024-11-29,,,2024,all,national,,Global Findex 2024,survey,https://www.worldbank.org/en/publication/globalfindex,high,,,,,,,,Example_Trainee,2025-01-20 00:00:00,,Doubled from 2021,
REC_0009,,observation,,ACCESS,4G Population Coverage,ACC_4G_COV,higher_better,37.5,,percentage,%,2023-06-30,,,FY2022/23,all,national,,Ethio Telecom LEAD Report,operator,https://www.ethiotelecom.et/,high,,,,,,,,Example_Trainee,2025-01-20 00:00:00,,Before major expansion,
REC_0010,,observation,,ACCESS,4G Population Coverage,ACC_4G_COV,higher_better,70.8,,percentage,%,2025-06-30,,,FY2024/25,all,national,,Ethio Telecom LEAD Report,operator,https://www.ethiotelecom.et/,high,,,,,,,,Example_Trainee,2025-01-20 00:00:00,4G coverage doubled from 37.5% to 70.8%,Major infrastructure investment,
REC_0011,,observation,,ACCESS,Mobile Subscription Penetration,ACC_MOBILE_PEN,higher_better,61.4,,percentage,%,2025-12-31,,,2025,all,national,,DataReportal Digital 2026,research,https://datareportal.com/reports/digital-2026-ethiopia,high,,,,,,,,Example_Trainee,2025-01-20 00:00:00,,93.7M connections / 152.7M population,
REC_0012,,observation,,ACCESS,Fayda Digital ID Enrollment,ACC_FAYDA,higher_better,8000000.0,,count,people,2024-08-15,,,2024,all,national,,Fayda Official,regulator,https://www.id.gov.et/,high,,,,,,,,Example_Trainee,2025-01-20 00:00:00,,,
REC_0013,,observation,,ACCESS,Fayda Digital ID Enrollment,ACC_FAYDA,higher_better,12000000.0,,count,people,2025-02-28,,,2025,all,national,,World Bank,research,,high,,,,,,,,Example_Trainee,2025-01-20 00:00:00,Over 12 million registered as of February 2025,,
REC_0014,,observation,,ACCESS,Fayda Digital ID Enrollment,ACC_FAYDA,higher_better,15000000.0,,count,people,2025-05-15,,,2025,all,national,,ID4Africa Conference,regulator,https://www.id.gov.et/,high,,,,,,,,Example_Trainee,2025-01-20 00:00:00,,,
REC_0015,,observation,,USAGE,P2P Transaction Count,USG_P2P_COUNT,higher_better,49700000.0,,count,transactions,2024-07-07,2023-07-08 00:00:00,2024-07-07 00:00:00,FY2023/24,all,national,,EthSwitch Annual Report,operator,https://ethswitch.com/,high,,,,,,,,Example_Trainee,2025-01-20 00:00:00,,Previous year for comparison,
REC_0016,,observation,,USAGE,P2P Transaction Count,USG_P2P_COUNT,higher_better,128300000.0,,count,transactions,2025-07-07,2024-07-08 00:00:00,2025-07-07 00:00:00,FY2024/25,all,national,,EthSwitch Annual Report,operator,https://ethswitch.com/,high,,,,,,,,Example_Trainee,2025-01-20 00:00:00,128.3 million P2P transactions,+158% YoY growth,
REC_0017,,observation,,USAGE,P2P Transaction Value,USG_P2P_VALUE,higher_better,577700000000.0,,currency_etb,ETB,2025-07-07,2024-07-08 00:00:00,2025-07-07 00:00:00,FY2024/25,all,national,,EthSwitch Annual Report,operator,https://ethswitch.com/,high,,,,,,,,Example_Trainee,2025-01-20 00:00:00,ETB 577.7 billion,+113% YoY growth,
REC_0018,,observation,,USAGE,ATM Transaction Count,USG_ATM_COUNT,neutral,119300000.0,,count,transactions,2025-07-07,2024-07-08 00:00:00,2025-07-07 00:00:00,FY2024/25,all,national,,EthSwitch Annual Report,operator,https://ethswitch.com/,high,,,,,,,,Example_Trainee,2025-01-20 00:00:00,,+26% YoY (slower than P2P),
REC_0019,,observation,,USAGE,ATM Transaction Value,USG_ATM_VALUE,neutral,156100000000.0,,currency_etb,ETB,2025-07-07,2024-07-08 00:00:00,2025-07-07 00:00:00,FY2024/25,all,national,,EthSwitch Annual Report,operator,https://ethswitch.com/,high,,,,,,,,Example_Trainee,2025-01-20 00:00:00,,,
REC_0020,,observation,,USAGE,P2P/ATM Crossover Ratio,USG_CROSSOVER,higher_better,1.08,,ratio,ratio,2025-07-07,2024-07-08 00:00:00,2025-07-07 00:00:00,FY2024/25,all,national,,Calculated,calculated,,high,,,,,,,,Example_Trainee,2025-01-20 00:00:00,,P2P > ATM for first time,
REC_0021,,observation,,USAGE,Telebirr Registered Users,USG_TELEBIRR_USERS,higher_better,54840000.0,,count,users,2025-06-30,2024-07-08 00:00:00,2025-07-07 00:00:00,FY2024/25,all,national,,Ethio Telecom Report,operator,https://www.ethiotelecom.et/,high,,,,,,,,Example_Trainee,2025-01-20 00:00:00,54.84 million telebirr users,,
REC_0022,,observation,,USAGE,Telebirr Transaction Value,USG_TELEBIRR_VALUE,higher_better,2380000000000.0,,currency_etb,ETB,2025-06-30,2024-07-08 00:00:00,2025-07-07 00:00:00,FY2024/25,all,national,,Ethio Telecom Report,operator,https://www.ethiotelecom.et/,high,,,,,,,,Example_Trainee,2025-01-20 00:00:00,2.38 trillion birr in transactions,,
REC_0023,,observation,,USAGE,M-Pesa Registered Users,USG_MPESA_USERS,higher_better,10800000.0,,count,users,2024-12-31,,,2024,all,national,,Safaricom Results,operator,,high,,,,,,,,Example_Trainee,2025-01-20 00:00:00,10.8 million users (+245%),,
REC_0024,,observation,,USAGE,M-Pesa 90-Day Active Users,USG_MPESA_ACTIVE,higher_better,7100000.0,,count,users,2024-12-31,,,2024,all,national,,Safaricom Results,operator,,high,,,,,,,,Example_Trainee,2025-01-20 00:00:00,7.1 million 90-day active,66% activity rate,
REC_0025,,observation,,USAGE,Mobile Money Activity Rate,USG_ACTIVE_RATE,higher_better,66.0,,percentage,%,2024-12-31,,,2024,all,national,,Calculated,calculated,,high,,,,,,,,Example_Trainee,2025-01-20 00:00:00,,7.1M / 10.8M = 66%,
REC_0026,,observation,,AFFORDABILITY,Data Affordability Index,AFF_DATA_INCOME,lower_better,2.0,,percentage,% of GNI,2024-12-31,,,2024,all,national,,A4AI/ITU,research,https://a4ai.org/,medium,,,,,,,,Example_Trainee,2025-01-20 00:00:00,,Now meets UN 2% target,
REC_0027,,observation,,GENDER,Account Ownership Gender Gap,GEN_GAP_ACC,lower_better,20.0,,gap_pp,pp,2021-12-31,,,2021,all,national,,Global Findex 2021,survey,https://www.worldbank.org/en/publication/globalfindex,high,,,,,,,,Example_Trainee,2025-01-20 00:00:00,,56% male - 36% female = 20pp gap,
REC_0028,,observation,,GENDER,Account Ownership Gender Gap,GEN_GAP_ACC,lower_better,18.0,,gap_pp,pp,2024-11-29,,,2024,all,national,,Global Findex 2024,survey,https://www.worldbank.org/en/publication/globalfindex,medium,,,,,,,,Example_Trainee,2025-01-20 00:00:00,,Estimated ~18pp,
REC_0029,,observation,,GENDER,Female Mobile Money Account Share,GEN_MM_SHARE,higher_better,14.0,,percentage,%,2024-12-31,,,2024,female,national,,NBE/Shega,regulator,https://nbe.gov.et/,high,,,,,,,,Example_Trainee,2025-01-20 00:00:00,Women hold 14% of mobile money accounts,Far from 50% parity,
REC_0030,,observation,,GENDER,Mobile Phone Gender Gap,GEN_GAP_MOBILE,lower_better,24.0,,percentage,%,2024-12-31,,,2024,all,national,,GSMA Gender Gap Report,research,https://www.gsma.com/r/gender-gap/,high,,,,,,,,Example_Trainee,2025-01-20 00:00:00,,86% male - 65% female,
REC_0031,,target,,ACCESS,Account Ownership Rate,ACC_OWNERSHIP,higher_better,70.0,,percentage,%,2025-12-31,,,2025,all,national,,NFIS-II Strategy,policy,https://nbe.gov.et/,high,,,,,,,,Example_Trainee,2025-01-20 00:00:00,,NFIS-II target,
REC_0032,,target,,ACCESS,Fayda Digital ID Enrollment,ACC_FAYDA,higher_better,90000000.0,,count,people,2028-12-31,,,2028,all,national,,Fayda/NIDP,policy,https://www.id.gov.et/,high,,,,,,,,Example_Trainee,2025-01-20 00:00:00,,90M by 2028 target,
REC_0033,,target,,GENDER,Female Mobile Money Account Share,GEN_MM_SHARE,higher_better,50.0,,percentage,%,2030-12-31,,,2030,female,national,,NBE,policy,,medium,,,,,,,,Example_Trainee,2025-01-20 00:00:00,,Parity target,
EVT_0001,,event,product_launch,,Telebirr Launch,EVT_TELEBIRR,,,Launched,categorical,,2021-05-17,,,2021,all,national,,Ethio Telecom,operator,https://www.ethiotelecom.et/,high,,,,,,,,Example_Trainee,2025-01-20 00:00:00,,First major mobile money service in Ethiopia,
EVT_0002,,event,market_entry,,Safaricom Ethiopia Commercial Launch,EVT_SAFARICOM,,,Launched,categorical,,2022-08-01,,,2022,all,national,,News,news,,high,,,,,,,,Example_Trainee,2025-01-20 00:00:00,,End of state telecom monopoly,
EVT_0003,,event,product_launch,,M-Pesa Ethiopia Launch,EVT_MPESA,,,Launched,categorical,,2023-08-01,,,2023,all,national,,Safaricom,operator,,high,,,,,,,,Example_Trainee,2025-01-20 00:00:00,,Second mobile money entrant,
EVT_0004,,event,infrastructure,,Fayda Digital ID Program Rollout,EVT_FAYDA,,,Launched,categorical,,2024-01-01,,,2024,all,national,,NIDP,regulator,https://www.id.gov.et/,high,,,,,,,,Example_Trainee,2025-01-20 00:00:00,,National biometric digital ID system,
EVT_0005,,event,policy,,Foreign Exchange Liberalization,EVT_FX_REFORM,,,Implemented,categorical,,2024-07-29,,,2024,all,national,,NBE,regulator,,high,,,,,,,,Example_Trainee,2025-01-20 00:00:00,,Birr float introduced,
EVT_0006,,event,milestone,,P2P Transaction Count Surpasses ATM,EVT_CROSSOVER,,,Achieved,categorical,,2024-10-01,,,FY2024/25,all,national,,EthSwitch,operator,https://ethswitch.com/,high,,,,,,,,Example_Trainee,2025-01-20 00:00:00,,Historic: digital > cash for first time,
EVT_0007,,event,partnership,,M-Pesa EthSwitch Integration,EVT_MPESA_INTEROP,,,Launched,categorical,,2025-10-27,,,FY2025/26,all,national,,EthSwitch,operator,,high,,,,,,,,Example_Trainee,2025-01-20 00:00:00,,Full interoperability for M-Pesa,
EVT_0008,,event,infrastructure,,EthioPay Instant Payment System Launch,EVT_ETHIOPAY,,,Launched,categorical,,2025-12-18,,,FY2025/26,all,national,,NBE/EthSwitch,regulator,,high,,,,,,,,Example_Trainee,2025-01-20 00:00:00,,National real-time payment system,
EVT_0009,,event,policy,,NFIS-II Strategy Launch,EVT_NFIS2,,,Launched,categorical,,2021-09-01,2021-09-01 00:00:00,2025-06-30 00:00:00,2021,all,national,,NBE,regulator,https://nbe.gov.et/,high,,,,,,,,Example_Trainee,2025-01-20 00:00:00,,5-year national financial inclusion strategy,
EVT_0010,,event,pricing,,Safaricom Ethiopia Price Increase,EVT_SAFCOM_PRICE,,,Implemented,categorical,,2025-12-15,,,2025,all,national,,News,news,,high,,,,,,,,Example_Trainee,2025-01-20 00:00:00,,Data and voice prices increased 20-82%,
IMP_0001,EVT_0001,impact_link,,ACCESS,Telebirr effect on Account Ownership,,,15.0,,percentage,%,2021-05-17,,,,all,national,,,,,medium,ACC_OWNERSHIP,direct,increase,high,15.0,12.0,literature,Kenya,Example_Trainee,2025-01-20 00:00:00,,Kenya M-Pesa showed +20pp over 5 years
IMP_0002,EVT_0001,impact_link,,USAGE,Telebirr effect on Telebirr Users,,,,,count,users,2021-05-17,,,,all,national,,,,,high,USG_TELEBIRR_USERS,direct,increase,high,,3.0,empirical,,Example_Trainee,2025-01-20 00:00:00,,Direct subscriber acquisition
IMP_0003,EVT_0001,impact_link,,USAGE,Telebirr effect on P2P Transactions,,,25.0,,percentage,%,2021-05-17,,,,all,national,,,,,medium,USG_P2P_COUNT,direct,increase,high,25.0,6.0,empirical,,Example_Trainee,2025-01-20 00:00:00,,New digital payment channel
IMP_0004,EVT_0002,impact_link,,ACCESS,Safaricom effect on 4G Coverage,,,15.0,,percentage,%,2022-08-01,,,,all,national,,,,,medium,ACC_4G_COV,direct,increase,medium,15.0,12.0,empirical,,Example_Trainee,2025-01-20 00:00:00,,Network investment from competition
IMP_0005,EVT_0002,impact_link,,AFFORDABILITY,Safaricom effect on Data Affordability,,,-20.0,,percentage,%,2022-08-01,,,,all,national,,,,,medium,AFF_DATA_INCOME,indirect,decrease,medium,-20.0,12.0,literature,Rwanda,Example_Trainee,2025-01-20 00:00:00,,Competition typically reduces prices
IMP_0006,EVT_0003,impact_link,,USAGE,M-Pesa effect on M-Pesa Users,,,,,count,users,2023-08-01,,,,all,national,,,,,high,USG_MPESA_USERS,direct,increase,high,,3.0,empirical,,Example_Trainee,2025-01-20 00:00:00,,Direct subscriber acquisition
IMP_0007,EVT_0003,impact_link,,ACCESS,M-Pesa effect on Mobile Money Account Rate,,,5.0,,percentage,%,2023-08-01,,,,all,national,,,,,medium,ACC_MM_ACCOUNT,direct,increase,medium,5.0,6.0,theoretical,,Example_Trainee,2025-01-20 00:00:00,,Second provider adds incremental accounts
IMP_0008,EVT_0004,impact_link,,ACCESS,Fayda effect on Account Ownership,,,10.0,,percentage,%,2024-01-01,,,,all,national,,,,,medium,ACC_OWNERSHIP,enabling,increase,medium,10.0,24.0,literature,India,Example_Trainee,2025-01-20 00:00:00,,Aadhaar enabled +15-20% account opening in India
IMP_0009,EVT_0004,impact_link,,GENDER,Fayda effect on Gender Gap,,,-5.0,,gap_pp,pp,2024-01-01,,,,all,national,,,,,medium,GEN_GAP_ACC,indirect,decrease,medium,-5.0,24.0,literature,India,Example_Trainee,2025-01-20 00:00:00,,Women disproportionately lack traditional ID
IMP_0010,EVT_0005,impact_link,,AFFORDABILITY,FX Reform effect on Data Affordability,,,30.0,,percentage,%,2024-07-29,,,,all,national,,,,,high,AFF_DATA_INCOME,indirect,increase,high,30.0,3.0,empirical,,Example_Trainee,2025-01-20 00:00:00,,Currency depreciation raises effective costs
IMP_0011,EVT_0007,impact_link,,USAGE,M-Pesa Interop effect on M-Pesa Active Users,,,15.0,,percentage,%,2025-10-27,,,,all,national,,,,,medium,USG_MPESA_ACTIVE,direct,increase,medium,15.0,3.0,literature,Tanzania,Example_Trainee,2025-01-20 00:00:00,,Tanzania interoperability increased usage +20%
IMP_0012,EVT_0007,impact_link,,USAGE,M-Pesa Interop effect on P2P Count,,,10.0,,percentage,%,2025-10-27,,,,all,national,,,,,medium,USG_P2P_COUNT,direct,increase,medium,10.0,3.0,literature,Tanzania,Example_Trainee,2025-01-20 00:00:00,,Cross-platform transactions now possible
IMP_0013,EVT_0008,impact_link,,USAGE,EthioPay effect on P2P Count,,,15.0,,percentage,%,2025-12-18,,,,all,national,,,,,medium,USG_P2P_COUNT,indirect,increase,medium,15.0,6.0,literature,India,Example_Trainee,2025-01-20 00:00:00,,India UPI showed +25% volume increase
IMP_0014,EVT_0010,impact_link,,AFFORDABILITY,Safaricom Price Hike effect on Data Affordability,,,10.0,,percentage,%,2025-12-15,,,,all,national,,,,,high,AFF_DATA_INCOME,direct,increase,low,10.0,1.0,empirical,,Example_Trainee,2025-01-20 00:00:00,,Direct price increase (may be offset by switching)
REC_0034,,observation,,ACCESS,Smartphone Adoption Rate,ACC_SMARTPHONE,higher_better,40.0,,percentage,%,2023-12-31,,,2023,all,national,,GSMA Mobile Economy Sub-Saharan Africa 2024,research,https://www.gsma.com/solutions-and-impact/connectivity-for-good/mobile-economy/wp-content/uploads/2024/11/GSMA_ME_SSA_2024_Web.pdf,high,,,,,,,,,Ekram Kemer,2026-07-17,"Ethiopia Technology mix: 40% Smartphone adoption (2023), projected 50% by 2030","Key ACCESS enabler: smartphone ownership is a prerequisite for app-based mobile money (Telebirr/M-Pesa) use, distinct from basic-phone USSD access. GSMA projects rise to 50% by 2030."
REC_0035,,observation,,ACCESS,Electricity Access Rate,ACC_ELECTRICITY,higher_better,55.4,,percentage,%,2023-12-31,,,2023,all,national,,World Bank SDG7 / ESMAP Tracking SDG7 Electrification Database,research,https://data.worldbank.org/indicator/EG.ELC.ACCS.ZS?locations=ET,high,,,,,,,,,Ekram Kemer,2026-07-17,Access to electricity (% of population) in Ethiopia was reported at 55.4% in 2023,"Enabler for agent-network uptime, POS/ATM operation, and smartphone charging. Large urban(94.7%)/rural(43.6%) gap plausibly underlies urban-rural account ownership gap; growth slowed to +0.39pp/yr 2020-23 vs +0.77pp/yr 2010-20, echoing the Access slowdown pattern."
EVT_0011,,event,regulation,,Banking Business Proclamation No. 1360/2024 (Foreign Bank Entry),EVT_FOREIGN_BANK,,,Approved,categorical,,2024-12-17,,,2024,all,national,,Ethiopian Parliament / Legal500,policy,https://www.legal500.com/developments/thought-leadership/ethiopias-financial-sector-liberalization-the-new-banking-business-proclamation-and-its-implications/,high,,,,,,,,,Ekram Kemer,2026-07-17,"On December 17, 2024, the Ethiopian Parliament approved the new Banking Business Proclamation No. 1360/2024, allowing foreign banks to re-enter the Ethiopian market after a 50-year absence",First foreign bank entry law in 50 years; caps aggregate foreign ownership at 49%. Pillar intentionally left blank per unified-schema design principle; effects modeled via impact_link.
IMP_0015,EVT_0011,impact_link,,ACCESS,Foreign Bank Entry effect on Account Ownership,,,,,percentage,%,2024-12-17,,,,all,national,,,,,medium,ACC_OWNERSHIP,enabling,increase,low,3.0,24,theoretical,Nigeria,Ekram Kemer,2026-07-17,,"Foreign bank entry expected to raise competition, product variety, and branch/agent investment, gradually lifting account ownership. Licensing and subsidiary set-up take 1-2 years, so effect is modeled as delayed/enabling rather than direct. Nigeria's phased bank liberalization used as a loose comparator; confidence is medium given no Ethiopia-specific pre/post data yet exists."
IMP_0016,EVT_0011,impact_link,,USAGE,Foreign Bank Entry effect on Digital Payment Adoption,,,,,percentage,%,2024-12-17,,,,all,national,,,,,low,USG_DIGITAL_PAYMENT,indirect,increase,negligible,1.0,30,theoretical,,Ekram Kemer,2026-07-17,,"Foreign banks often bring digital-first product design, per reporting on Ethiopia's 2025 banking deregulation (Wegagen/Abyssinia digital expansion). Kept low-confidence/negligible-magnitude given the long, uncertain path from proclamation to market presence."
